{"info":{"_postman_id":"186dff96-cf3f-4607-815c-e45d41ec6a81","name":"DB Test - Recetas","description":"Testes CRUD for recetas","schema":"https://schema.getpostman.com/json/collection/v2.1.0/collection.json"},"item":[{"name":"Create","id":"26e4ed23-655e-4ec9-a850-c332609635db","protocolProfileBehavior":{"disableBodyPruning":true},"request":{"method":"POST","header":[],"body":{"mode":"raw","raw":"{\r\n    \"id\":9999,\r\n    \"nombre\":\"Test\",\r\n    \"produccion\":10,\r\n    \"unidad\":\"KG\"\r\n}","options":{"raw":{"language":"json"}}},"url":{"raw":"localhost:5000/api/recetas/","host":["localhost"],"port":"5000","path":["api","recetas",""]}},"response":[]},{"name":"Update","id":"283f9e92-0ab9-4289-8408-96e9f63b213b","protocolProfileBehavior":{"disableBodyPruning":true},"request":{"method":"PATCH","header":[],"body":{"mode":"raw","raw":"{\r\n    \"nombre\":\"Test_update\",\r\n    \"produccion\":100,\r\n    \"unidad\":\"U\"\r\n}","options":{"raw":{"language":"json"}}},"url":{"raw":"localhost:5000/api/recetas/?nombre=Test","host":["localhost"],"port":"5000","path":["api","recetas",""],"query":[{"key":"nombre","value":"Test"}]}},"response":[]},{"name":"Read","id":"35f71ac0-e067-4374-9a23-afc93636cc07","protocolProfileBehavior":{"disableBodyPruning":true},"request":{"method":"GET","header":[],"url":{"raw":"localhost:5000/api/recetas/?id=1","host":["localhost"],"port":"5000","path":["api","recetas",""],"query":[{"key":"id","value":"1"}]}},"response":[]},{"name":"Read_byname","id":"a41d634e-f94f-43c8-a7a4-af24fd7855a4","protocolProfileBehavior":{"disableBodyPruning":true},"request":{"method":"GET","header":[],"url":{"raw":"localhost:5000/api/recetas/?nombre=Test_update","host":["localhost"],"port":"5000","path":["api","recetas",""],"query":[{"key":"nombre","value":"Test_update"}]}},"response":[]},{"name":"ReadAll","id":"7c47cb1f-7a89-4064-9089-33f263bd4b3d","protocolProfileBehavior":{"disableBodyPruning":true},"request":{"method":"GET","header":[],"url":{"raw":"localhost:5000/api/recetas","host":["localhost"],"port":"5000","path":["api","recetas"]}},"response":[]},{"name":"Delete","id":"31998b1f-823e-4222-a23b-d16a8030b07c","protocolProfileBehavior":{"disableBodyPruning":true},"request":{"method":"DELETE","header":[],"url":{"raw":"localhost:5000/api/recetas/?nombre=Test_update","host":["localhost"],"port":"5000","path":["api","recetas",""],"query":[{"key":"nombre","value":"Test_update","type":"text"}]}},"response":[]}]}