{"info":{"_postman_id":"3eee1453-975f-453e-85ec-384f1600b536","name":"Orders","schema":"https://schema.getpostman.com/json/collection/v2.1.0/collection.json"},"item":[{"name":"Get all requests","id":"80b9a427-c580-4e9f-8efd-7440b2ec3fc3","protocolProfileBehavior":{"disableBodyPruning":true},"request":{"method":"GET","header":[],"url":{"raw":"http://localhost:8080/api/requests","protocol":"http","host":["localhost"],"port":"8080","path":["api","requests"]}},"response":[]},{"name":"Get requests from user","id":"74d7c373-1ecc-4738-8d0a-db3161b2e32b","protocolProfileBehavior":{"disableBodyPruning":true},"request":{"method":"GET","header":[],"url":{"raw":"http://localhost:8080/api/requests/61b51e88b494fcebbca227ca","protocol":"http","host":["localhost"],"port":"8080","path":["api","requests","61b51e88b494fcebbca227ca"]}},"response":[]}]}