{"info":{"_postman_id":"723849ad-29a9-4523-b08b-0a104e669c5c","name":"Users","schema":"https://schema.getpostman.com/json/collection/v2.1.0/collection.json"},"item":[{"name":"Login","id":"c3ca61be-b965-4b56-8be7-c402d08986a3","protocolProfileBehavior":{"disableBodyPruning":true},"request":{"method":"POST","header":[],"body":{"mode":"urlencoded","urlencoded":[{"key":"email","value":"username120100019900@mail.com","type":"text"},{"key":"password","value":"123456","type":"text"}]},"url":null},"response":[]},{"name":"Login user 2","id":"7adac301-d889-4b8d-83e9-50d809de1d3b","protocolProfileBehavior":{"disableBodyPruning":true},"request":{"method":"POST","header":[],"body":{"mode":"urlencoded","urlencoded":[{"key":"email","value":"username120100019900@mail.com","type":"text"},{"key":"password","value":"123456","type":"text"}]},"url":null},"response":[]},{"name":"Signup","id":"eaaa092b-11d7-4a0f-a8f0-504520089438","protocolProfileBehavior":{"disableBodyPruning":true},"request":{"method":"POST","header":[],"body":{"mode":"raw","raw":"{\r\n    \"email\": \"username120100019900@mail.com\",\r\n    \"country\": \"Arg\",\r\n    \"password\": \"123456\",\r\n    \"firstName\": \"firstName\",\r\n    \"lastName\": \"lastName\",\r\n    \"phone\": \"1234567890\",\r\n    \"address\": \"address\",\r\n    \"photo\": \"username_123\",\r\n    \"age\": 123\r\n}","options":{"raw":{"language":"json"}}},"url":{"raw":"http://localhost:8080/api/auth/signup","protocol":"http","host":["localhost"],"port":"8080","path":["api","auth","signup"]}},"response":[]},{"name":"Signup user 2","id":"7a22a82a-f4d7-411e-bb71-f7af943a56a0","protocolProfileBehavior":{"disableBodyPruning":true},"request":{"method":"POST","header":[],"body":{"mode":"raw","raw":"{\r\n    \"email\": \"username1201000199002@mail.com\",\r\n    \"country\": \"Arg\",\r\n    \"password\": \"123456\",\r\n    \"firstName\": \"firstName\",\r\n    \"lastName\": \"lastName\",\r\n    \"phone\": \"1234567890\",\r\n    \"address\": \"address\",\r\n    \"photo\": \"username_123\",\r\n    \"age\": 123\r\n}","options":{"raw":{"language":"json"}}},"url":{"raw":"http://localhost:8080/api/auth/signup","protocol":"http","host":["localhost"],"port":"8080","path":["api","auth","signup"]}},"response":[]},{"name":"Logout","id":"7bee6255-7550-4398-98b2-691508484523","protocolProfileBehavior":{"disableBodyPruning":true},"request":{"method":"POST","header":[],"url":{"raw":"http://localhost:8080/api/auth/logout","protocol":"http","host":["localhost"],"port":"8080","path":["api","auth","logout"]}},"response":[]}]}