{"info":{"_postman_id":"8a6e5fc1-816a-4e8f-96f9-88dfad900759","name":"Products","schema":"https://schema.getpostman.com/json/collection/v2.1.0/collection.json"},"item":[{"name":"Get products","id":"810bee94-2249-4b29-a4e7-507d098d82c0","protocolProfileBehavior":{"disableBodyPruning":true},"request":{"method":"GET","header":[],"url":{"raw":"localhost:8080/api/products","host":["localhost"],"port":"8080","path":["api","products"]}},"response":[]},{"name":"Get Specific product","id":"46a3da0e-be08-4976-819d-dbaf57b88c67","protocolProfileBehavior":{"disableBodyPruning":true},"request":{"method":"GET","header":[],"url":{"raw":"localhost:8080/api/products/123444","host":["localhost"],"port":"8080","path":["api","products","123444"]}},"response":[]},{"name":"Post new Product","id":"610cc821-f7fc-4c73-9901-51531c6d7963","protocolProfileBehavior":{"disableBodyPruning":true},"request":{"auth":{"type":"noauth"},"method":"POST","header":[{"key":"token","value":"61b51e88b494fcebbca227ca","type":"text"}],"body":{"mode":"raw","raw":"{\r\n    \"name\": \"testPostmanPOST\",\r\n    \"price\": \"123\",\r\n    \"description\": \"description\",\r\n    \"code\": \"123444\",\r\n    \"photo\": \"Postman\",\r\n    \"stock\": 20\r\n}","options":{"raw":{"language":"json"}}},"url":{"raw":"localhost:8080/api/products","host":["localhost"],"port":"8080","path":["api","products"]}},"response":[]},{"name":"Update product","id":"e28b24d8-e566-4900-ba0f-b75be5af1e02","protocolProfileBehavior":{"disableBodyPruning":true},"request":{"method":"PUT","header":[{"key":"admin","value":"true","type":"text"}],"body":{"mode":"raw","raw":"{\r\n    \"name\": \"testPostmanPOST\",\r\n    \"price\": \"123\",\r\n    \"description\": \"ddddd\",\r\n    \"code\": \"sdadasd\",\r\n    \"photo\": \"Postman\",\r\n    \"stock\": 50\r\n}","options":{"raw":{"language":"json"}}},"url":{"raw":"localhost:8080/api/products/123444","host":["localhost"],"port":"8080","path":["api","products","123444"]}},"response":[]},{"name":"Delete product","id":"53f2c018-6594-4dbc-bbb4-bdc19cd32e79","protocolProfileBehavior":{"disableBodyPruning":true},"request":{"method":"DELETE","header":[{"key":"admin","value":"true","type":"text"}],"url":{"raw":"localhost:8080/api/products/123444","host":["localhost"],"port":"8080","path":["api","products","123444"]}},"response":[]}]}