{"info":{"_postman_id":"f3fcfbfb-db46-47f7-9fba-e315b1718db2","name":"Cart","schema":"https://schema.getpostman.com/json/collection/v2.1.0/collection.json"},"item":[{"name":"Create cart","id":"b3973171-6516-4ed0-81df-12867d1f0be3","protocolProfileBehavior":{"disableBodyPruning":true},"request":{"method":"POST","header":[],"url":{"raw":"localhost:8080/api/cart","host":["localhost"],"port":"8080","path":["api","cart"]}},"response":[]},{"name":"Delete cart","id":"6c7b6f3f-1cdf-4c48-851a-3220b44e7863","protocolProfileBehavior":{"disableBodyPruning":true},"request":{"method":"DELETE","header":[],"url":{"raw":"localhost:8080/api/cart/1","host":["localhost"],"port":"8080","path":["api","cart","1"]}},"response":[]},{"name":"Add item to cart id Correct","id":"499bef6e-c27d-494e-8e44-3f737b8f82e1","protocolProfileBehavior":{"disableBodyPruning":true},"request":{"method":"POST","header":[],"body":{"mode":"raw","raw":"{\r\n    \"productId\":\"61b54158d376d9bbe21e927e\",\r\n    \"quantity\":3\r\n}","options":{"raw":{"language":"json"}}},"url":{"raw":"localhost:8080/api/cart/61b535b4833883f779951711/products","host":["localhost"],"port":"8080","path":["api","cart","61b535b4833883f779951711","products"]}},"response":[]},{"name":"Add item to cart id Incorrect","id":"c04b017b-7f05-4a68-b2e4-4f2cc323f15e","protocolProfileBehavior":{"disableBodyPruning":true},"request":{"method":"POST","header":[],"url":null},"response":[]},{"name":"Get products in cart","id":"1750ae92-2d70-4c40-9101-55e30daee97e","protocolProfileBehavior":{"disableBodyPruning":true},"request":{"method":"GET","header":[],"url":{"raw":"localhost:8080/api/cart/61b535b4833883f779951711/products","host":["localhost"],"port":"8080","path":["api","cart","61b535b4833883f779951711","products"]}},"response":[]},{"name":"Delete item from cart","id":"3436e44f-5a44-4d22-9347-45251ed341a9","protocolProfileBehavior":{"disableBodyPruning":true},"request":{"method":"DELETE","header":[],"url":{"raw":"localhost:8080/api/cart/61b535b4833883f779951711/products/61b526a6fa585e501cd1f3bc","host":["localhost"],"port":"8080","path":["api","cart","61b535b4833883f779951711","products","61b526a6fa585e501cd1f3bc"]}},"response":[]},{"name":"Buy cart","id":"d66b32d7-397b-4f52-87bf-c9395189b437","protocolProfileBehavior":{"disableBodyPruning":true},"request":{"method":"GET","header":[],"url":{"raw":"localhost:8080/api/cart/buy/61b535b4833883f779951711","host":["localhost"],"port":"8080","path":["api","cart","buy","61b535b4833883f779951711"]}},"response":[]}]}